YearBin,Empirical,Normative,Philosophical,Technical
1999–2014,0.2988505747126437,0.3505747126436782,0.3160919540229885,0.034482758620689655
2015–2019,0.4883720930232558,0.1937984496124031,0.2248062015503876,0.09302325581395349
2020–2025,0.5593561368209256,0.12072434607645875,0.09456740442655935,0.22535211267605634
